{"cameraMode":{"drawMode":0,"name":"Shaded","section":"Shading Mode"},"sceneLighting":true,"audioPlay":false,"sceneViewState":{"showFog":true,"showMaterialUpdate":false,"showSkybox":true,"showFlares":true,"showImageEffects":true,"showParticleSystems":true},"in2DMode":false,"pivot":{"x":-1.1610000133514405,"y":0.6940000057220459,"z":1.2999999523162842},"rotation":{"x":-0.004499475471675396,"y":-0.00299845146946609,"z":-0.000017309237591689453,"w":0.9999930262565613},"size":1.492380142211914,"orthographic":false}