{"cameraMode":{"drawMode":0,"name":"Shaded","section":"Shading Mode"},"sceneLighting":false,"audioPlay":false,"sceneViewState":{"showFog":true,"showMaterialUpdate":false,"showSkybox":false,"showFlares":true,"showImageEffects":true,"showParticleSystems":true},"in2DMode":false,"pivot":{"x":1.3300000429153443,"y":1.524643898010254,"z":1.168048620223999},"rotation":{"x":-0.004499475471675396,"y":-0.00299845146946609,"z":-0.000017309237591689453,"w":0.9999930262565613},"size":0.90286785364151,"orthographic":false}