{"cameraMode":{"drawMode":0,"name":"Shaded","section":"Shading Mode"},"sceneLighting":false,"audioPlay":false,"sceneViewState":{"showFog":true,"showMaterialUpdate":false,"showSkybox":false,"showFlares":true,"showImageEffects":true,"showParticleSystems":true},"in2DMode":false,"pivot":{"x":-0.628000020980835,"y":0.7607530355453491,"z":1.2999999523162842},"rotation":{"x":-0.004499475471675396,"y":-0.00299845146946609,"z":-0.000017309237591689453,"w":0.9999930262565613},"size":0.2558325231075287,"orthographic":false}