{"cameraMode":{"drawMode":0,"name":"Shaded","section":"Shading Mode"},"sceneLighting":true,"audioPlay":false,"sceneViewState":{"showFog":true,"showMaterialUpdate":false,"showSkybox":true,"showFlares":true,"showImageEffects":true,"showParticleSystems":true},"in2DMode":false,"pivot":{"x":-19.215723037719728,"y":-4.223077297210693,"z":9.265623092651368},"rotation":{"x":0.12641508877277375,"y":0.10691703855991364,"z":-0.013710013590753079,"w":0.9861109256744385},"size":74.6877212524414,"orthographic":false}