{"cameraMode":{"drawMode":0,"name":"Shaded","section":"Shading Mode"},"sceneLighting":true,"audioPlay":false,"sceneViewState":{"showFog":true,"showMaterialUpdate":false,"showSkybox":true,"showFlares":true,"showImageEffects":true,"showParticleSystems":true},"in2DMode":false,"pivot":{"x":0.9295088052749634,"y":0.35998085141181948,"z":1.1684250831604005},"rotation":{"x":-0.07523509114980698,"y":0.01256489660590887,"z":-0.0009263609535992146,"w":-0.9971136450767517},"size":4.1444621086120609,"orthographic":false}