{"cameraMode":{"drawMode":0,"name":"Shaded","section":"Shading Mode"},"sceneLighting":true,"audioPlay":false,"sceneViewState":{"showFog":true,"showMaterialUpdate":false,"showSkybox":true,"showFlares":true,"showImageEffects":true,"showParticleSystems":true},"in2DMode":false,"pivot":{"x":-0.9233485460281372,"y":0.43374305963516238,"z":1.754738688468933},"rotation":{"x":-0.07957517355680466,"y":0.061865925788879397,"z":-0.00492590107023716,"w":-0.9949272274971008},"size":1.1804797649383546,"orthographic":false}