{"cameraMode":{"drawMode":0,"name":"Shaded","section":"Shading Mode"},"sceneLighting":true,"audioPlay":false,"sceneViewState":{"showFog":true,"showMaterialUpdate":false,"showSkybox":true,"showFlares":true,"showImageEffects":true,"showParticleSystems":true},"in2DMode":false,"pivot":{"x":-1.3270387649536133,"y":1.9003839492797852,"z":1.7832698822021485},"rotation":{"x":-0.030221065506339074,"y":0.07549602538347244,"z":-0.0022667129524052145,"w":-0.9967172145843506},"size":2.9804794788360597,"orthographic":false}