{"cameraMode":{"drawMode":0,"name":"Shaded","section":"Shading Mode"},"sceneLighting":true,"audioPlay":false,"sceneViewState":{"showFog":true,"showMaterialUpdate":false,"showSkybox":true,"showFlares":true,"showImageEffects":true,"showParticleSystems":true},"in2DMode":false,"pivot":{"x":0.28107884526252749,"y":1.4054659605026246,"z":1.8826744556427003},"rotation":{"x":-0.02430799789726734,"y":0.0020996315870434047,"z":-0.00002854366357496474,"w":-0.9997338056564331},"size":1.4804797172546387,"orthographic":false}