{"cameraMode":{"drawMode":0,"name":"Shaded","section":"Shading Mode"},"sceneLighting":true,"audioPlay":false,"sceneViewState":{"showFog":true,"showMaterialUpdate":false,"showSkybox":true,"showFlares":true,"showImageEffects":true,"showParticleSystems":true},"in2DMode":false,"pivot":{"x":-0.718999981880188,"y":0.7310000061988831,"z":1.2684251070022584},"rotation":{"x":-0.07225002348423004,"y":0.002097541466355324,"z":-0.00009880941797746345,"w":-0.9974263906478882},"size":0.3073950409889221,"orthographic":false}