{"cameraMode":{"drawMode":0,"name":"Shaded","section":"Shading Mode"},"sceneLighting":true,"audioPlay":false,"sceneViewState":{"showFog":true,"showMaterialUpdate":false,"showSkybox":true,"showFlares":true,"showImageEffects":true,"showParticleSystems":true},"in2DMode":false,"pivot":{"x":-1.04595947265625,"y":-0.09444642066955567,"z":3.728327989578247},"rotation":{"x":-0.08566664159297943,"y":0.030482204630970956,"z":-0.0026130974292755129,"w":-0.9958735704421997},"size":3.528729200363159,"orthographic":false}