{"cameraMode":{"drawMode":0,"name":"Shaded","section":"Shading Mode"},"sceneLighting":false,"audioPlay":false,"sceneViewState":{"showFog":true,"showMaterialUpdate":false,"showSkybox":false,"showFlares":true,"showImageEffects":true,"showParticleSystems":true},"in2DMode":false,"pivot":{"x":-0.6110000014305115,"y":0.6499999761581421,"z":1.3012315034866334},"rotation":{"x":-0.07523509114980698,"y":0.01256489660590887,"z":-0.0009263609535992146,"w":-0.9971136450767517},"size":1.29203462600708,"orthographic":false}